Switch In,Switch out,enemy,TypeIN,TypeOUT,TypeEnemy,HPin,HPout,HPEnemy
Emboar,Hydreigon,Klinklang,"['fire', 'fighting']","['dark', 'dragon']",['steel'],326\/326,275\/275,241\/241
Lugia,Klinklang,Emboar,"['psychic', 'flying']",['steel'],"['fire', 'fighting']",272\/272,241\/241,326\/326
Hydreigon,Emboar,Lugia,"['dark', 'dragon']","['fire', 'fighting']","['psychic', 'flying']",275\/275,326\/326,272\/272
Emboar,Hydreigon,Lugia,"['fire', 'fighting']","['dark', 'dragon']","['psychic', 'flying']",202\/326,275\/275,272\/272
Hydreigon,Emboar,Lugia,"['dark', 'dragon']","['fire', 'fighting']","['psychic', 'flying']",275\/275,202\/326,272\/272
Klinklang,Lugia,Hydreigon,['steel'],"['psychic', 'flying']","['dark', 'dragon']",211\/241,272\/272,275\/275
Arcanine,Hydreigon,Klinklang,['fire'],"['dark', 'dragon']",['steel'],282\/282,275\/275,211\/241
Raticate,Klinklang,Arcanine,['normal'],['steel'],['fire'],243\/243,211\/241,282\/282
Blastoise,Arcanine,Raticate,['water'],['fire'],['normal'],267\/267,282\/282,243\/243
Arcanine,Blastoise,Raticate,['fire'],['water'],['normal'],62\/282,267\/267,243\/243
Forretress,Raticate,Arcanine,"['bug', 'steel']",['normal'],['fire'],251\/251,243\/243,62\/282
Jynx,Arcanine,Forretress,"['ice', 'psychic']",['fire'],"['bug', 'steel']",249\/249,62\/282,251\/251
Raticate,Forretress,Jynx,['normal'],"['bug', 'steel']","['ice', 'psychic']",71\/243,251\/251,249\/249
Beautifly,Raticate,Jynx,"['bug', 'flying']",['normal'],"['ice', 'psychic']",271\/271,71\/243,249\/249
Arcanine,Jynx,Beautifly,['fire'],"['ice', 'psychic']","['bug', 'flying']",62\/282,249\/249,271\/271
Arceus,Beautifly,Arcanine,['normal'],"['bug', 'flying']",['fire'],288\/288,271\/271,62\/282
Electivire,Arcanine,Arceus,['electric'],['fire'],['normal'],263\/263,62\/282,288\/288
Arcanine,Electivire,Arceus,['fire'],['electric'],['normal'],62\/282,263\/263,288\/288
Hydreigon,Arcanine,Arceus,"['dark', 'dragon']",['fire'],['normal'],275\/275,62\/282,288\/288
Leavanny,Jumpluff,Excadrill,"['bug', 'grass']","['grass', 'flying']","['ground', 'steel']",281\/281,275\/275,307\/307
Dustox,Excadrill,Leavanny,"['bug', 'poison']","['ground', 'steel']","['bug', 'grass']",260\/260,307\/307,281\/281
Gigalith,Leavanny,Dustox,['rock'],"['bug', 'grass']","['bug', 'poison']",286\/286,281\/281,260\/260
Groudon,Dustox,Gigalith,['ground'],"['bug', 'poison']",['rock'],270\/270,260\/260,286\/286
Feraligatr,Gigalith,Groudon,['water'],['rock'],['ground'],280\/280,286\/286,270\/270
Leavanny,Feraligatr,Groudon,"['bug', 'grass']",['water'],['ground'],253\/281,280\/280,270\/270
Darmanitan,Porygon2,Lilligant,['fire'],['normal'],['grass'],303\/303,274\/274,249\/249
Whiscash,Lilligant,Darmanitan,"['water', 'ground']",['grass'],['fire'],341\/341,249\/249,303\/303
Maractus,Darmanitan,Whiscash,['grass'],['fire'],"['water', 'ground']",299\/299,303\/303,341\/341
Lilligant,Whiscash,Maractus,['grass'],"['water', 'ground']",['grass'],249\/249,341\/341,299\/299
Magcargo,Maractus,Lilligant,"['fire', 'rock']",['grass'],['grass'],246\/246,299\/299,249\/249
Zapdos,Lilligant,Magcargo,"['electric', 'flying']",['grass'],"['fire', 'rock']",272\/272,249\/249,246\/246
Darmanitan,Magcargo,Zapdos,['fire'],"['fire', 'rock']","['electric', 'flying']",257\/303,246\/246,272\/272
Tauros,Zapdos,Darmanitan,['normal'],"['electric', 'flying']",['fire'],260\/260,272\/272,257\/303
Maractus,Darmanitan,Tauros,['grass'],['fire'],['normal'],96\/299,257\/303,260\/260
Bellossom,Maractus,Tauros,['grass'],['grass'],['normal'],290\/290,96\/299,260\/260
Abomasnow,Tauros,Bellossom,"['grass', 'ice']",['normal'],['grass'],288\/288,260\/260,290\/290
Darmanitan,Bellossom,Abomasnow,['fire'],['grass'],"['grass', 'ice']",167\/303,290\/290,288\/288
Bellossom,Darmanitan,Abomasnow,['grass'],['fire'],"['grass', 'ice']",155\/290,167\/303,288\/288
Tauros,Abomasnow,Bellossom,['normal'],"['grass', 'ice']",['grass'],228\/260,288\/288,155\/290
Whiscash,Tauros,Bellossom,"['water', 'ground']",['normal'],['grass'],201\/341,228\/260,155\/290
Darmanitan,Bellossom,Whiscash,['fire'],['grass'],"['water', 'ground']",92\/303,155\/290,201\/341
Crawdaunt,Whiscash,Darmanitan,"['water', 'dark']","['water', 'ground']",['fire'],246\/246,201\/341,92\/303
Porygon2,Darmanitan,Crawdaunt,['normal'],['fire'],"['water', 'dark']",274\/274,92\/303,246\/246
Cresselia,Porygon2,Crawdaunt,['psychic'],['normal'],"['water', 'dark']",323\/323,274\/274,246\/246
Plusle,Mantine,Rotom,['electric'],"['water', 'flying']","['electric', 'ghost']",254\/254,263\/263,221\/221
Blissey,Rotom,Plusle,['normal'],"['electric', 'ghost']",['electric'],566\/566,221\/221,254\/254
Venomoth,Plusle,Blissey,"['bug', 'poison']",['electric'],['normal'],249\/249,254\/254,566\/566
Rotom,Blissey,Venomoth,"['electric', 'ghost']",['normal'],"['bug', 'poison']",221\/221,566\/566,249\/249
Murkrow,Rotom,Venomoth,"['dark', 'flying']","['electric', 'ghost']","['bug', 'poison']",251\/251,221\/221,249\/249
Mantine,Venomoth,Murkrow,"['water', 'flying']","['bug', 'poison']","['dark', 'flying']",263\/263,249\/249,251\/251
Blissey,Murkrow,Mantine,['normal'],"['dark', 'flying']","['water', 'flying']",489\/566,251\/251,263\/263
Venomoth,Mantine,Blissey,"['bug', 'poison']","['water', 'flying']",['normal'],225\/249,263\/263,489\/566
Braviary,Blissey,Venomoth,"['normal', 'flying']",['normal'],"['bug', 'poison']",305\/305,489\/566,225\/249
Mantine,Venomoth,Braviary,"['water', 'flying']","['bug', 'poison']","['normal', 'flying']",263\/263,225\/249,305\/305
Plusle,Mantine,Braviary,['electric'],"['water', 'flying']","['normal', 'flying']",87\/254,263\/263,305\/305
Blissey,Braviary,Plusle,['normal'],"['normal', 'flying']",['electric'],507\/566,305\/305,87\/254
Stoutland,Plusle,Blissey,['normal'],['electric'],['normal'],290\/290,87\/254,507\/566
Dusknoir,Blissey,Stoutland,['ghost'],['normal'],['normal'],215\/215,507\/566,290\/290
Luvdisc,Stoutland,Dusknoir,['water'],['normal'],['ghost'],227\/227,290\/290,215\/215
Blissey,Dusknoir,Luvdisc,['normal'],['ghost'],['water'],427\/566,215\/215,227\/227
Stoutland,Luvdisc,Blissey,['normal'],['water'],['normal'],290\/290,227\/227,427\/566
Kingler,Blissey,Stoutland,['water'],['normal'],['normal'],243\/243,427\/566,290\/290
Plusle,Stoutland,Kingler,['electric'],['normal'],['water'],102\/254,290\/290,243\/243
Venomoth,Plusle,Kingler,"['bug', 'poison']",['electric'],['water'],249\/249,102\/254,243\/243
Murkrow,Kingler,Venomoth,"['dark', 'flying']",['water'],"['bug', 'poison']",154\/251,243\/243,249\/249
Kingler,Murkrow,Venomoth,['water'],"['dark', 'flying']","['bug', 'poison']",170\/243,154\/251,249\/249
Braviary,Kingler,Venomoth,"['normal', 'flying']",['water'],"['bug', 'poison']",218\/305,170\/243,249\/249
Stoutland,Venomoth,Braviary,['normal'],"['bug', 'poison']","['normal', 'flying']",290\/290,249\/249,218\/305
Dusknoir,Braviary,Stoutland,['ghost'],"['normal', 'flying']",['normal'],215\/215,218\/305,290\/290
Victini,Stoutland,Dusknoir,"['psychic', 'fire']",['normal'],['ghost'],287\/287,290\/290,215\/215
Rotom,Dusknoir,Victini,"['electric', 'ghost']",['ghost'],"['psychic', 'fire']",221\/221,215\/215,287\/287
Stoutland,Victini,Rotom,['normal'],"['psychic', 'fire']","['electric', 'ghost']",256\/290,287\/287,221\/221
Blissey,Rotom,Stoutland,['normal'],"['electric', 'ghost']",['normal'],531\/566,221\/221,256\/290
Victini,Stoutland,Blissey,"['psychic', 'fire']",['normal'],['normal'],287\/287,256\/290,531\/566
Dusknoir,Blissey,Victini,['ghost'],['normal'],"['psychic', 'fire']",215\/215,531\/566,287\/287
Stoutland,Victini,Dusknoir,['normal'],"['psychic', 'fire']",['ghost'],175\/290,287\/287,215\/215
Blissey,Dusknoir,Stoutland,['normal'],['ghost'],['normal'],413\/566,215\/215,175\/290
Murkrow,Blissey,Stoutland,"['dark', 'flying']",['normal'],['normal'],10\/251,413\/566,175\/290
Rotom,Murkrow,Stoutland,"['electric', 'ghost']","['dark', 'flying']",['normal'],93\/221,10\/251,175\/290
Victini,Stoutland,Rotom,"['psychic', 'fire']",['normal'],"['electric', 'ghost']",287\/287,175\/290,93\/221
Murkrow,Rotom,Victini,"['dark', 'flying']","['electric', 'ghost']","['psychic', 'fire']",54\/251,93\/221,287\/287
Dusknoir,Murkrow,Victini,['ghost'],"['dark', 'flying']","['psychic', 'fire']",215\/215,54\/251,287\/287
Giratina,Latias,Spinda,"['ghost', 'dragon']","['dragon', 'psychic']",['normal'],335\/335,231\/231,276\/276
Escavalier,Giratina,Spinda,"['bug', 'steel']","['ghost', 'dragon']",['normal'],255\/255,335\/335,276\/276
Latias,Escavalier,Spinda,"['dragon', 'psychic']","['bug', 'steel']",['normal'],231\/231,255\/255,276\/276
Tornadus,Spinda,Latias,['flying'],['normal'],"['dragon', 'psychic']",254\/254,276\/276,231\/231
Octillery,Latias,Tornadus,['water'],"['dragon', 'psychic']",['flying'],281\/281,231\/231,254\/254
Porygon2,Octillery,Tornadus,['normal'],['water'],['flying'],274\/274,281\/281,254\/254
Ho-Oh,Porygon2,Tornadus,"['fire', 'flying']",['normal'],['flying'],275\/275,274\/274,254\/254
Relicanth,Tornadus,Ho-Oh,"['water', 'rock']",['flying'],"['fire', 'flying']",316\/316,254\/254,275\/275
Escavalier,Ho-Oh,Relicanth,"['bug', 'steel']","['fire', 'flying']","['water', 'rock']",180\/255,275\/275,316\/316
Latias,Escavalier,Relicanth,"['dragon', 'psychic']","['bug', 'steel']","['water', 'rock']",160\/231,180\/255,316\/316
Magnezone,Relicanth,Latias,"['electric', 'steel']","['water', 'rock']","['dragon', 'psychic']",249\/249,316\/316,160\/231
Quagsire,Arcanine,Spinda,"['water', 'ground']",['fire'],['normal'],300\/300,282\/282,276\/276
Maractus,Spinda,Quagsire,['grass'],['normal'],"['water', 'ground']",302\/302,276\/276,300\/300
Arcanine,Quagsire,Maractus,['fire'],"['water', 'ground']",['grass'],282\/282,300\/300,302\/302
Hitmontop,Maractus,Arcanine,['fighting'],['grass'],['fire'],229\/229,302\/302,282\/282
Spinda,Hitmontop,Arcanine,['normal'],['fighting'],['fire'],276\/276,229\/229,282\/282
Quagsire,Arcanine,Spinda,"['water', 'ground']",['fire'],['normal'],260\/300,282\/282,276\/276
Maractus,Spinda,Quagsire,['grass'],['normal'],"['water', 'ground']",302\/302,276\/276,260\/300
Swanna,Quagsire,Maractus,"['water', 'flying']","['water', 'ground']",['grass'],269\/269,260\/300,302\/302
Seismitoad,Maractus,Swanna,"['water', 'ground']",['grass'],"['water', 'flying']",317\/317,302\/302,269\/269
Registeel,Seismitoad,Swanna,['steel'],"['water', 'ground']","['water', 'flying']",265\/265,317\/317,269\/269
Exeggutor,Swanna,Registeel,"['grass', 'psychic']","['water', 'flying']",['steel'],308\/308,269\/269,265\/265
Maractus,Registeel,Exeggutor,['grass'],['steel'],"['grass', 'psychic']",302\/302,265\/265,308\/308
Registeel,Maractus,Exeggutor,['steel'],['grass'],"['grass', 'psychic']",243\/265,302\/302,308\/308
Arcanine,Exeggutor,Registeel,['fire'],"['grass', 'psychic']",['steel'],223\/282,308\/308,243\/265
Seismitoad,Registeel,Arcanine,"['water', 'ground']",['steel'],['fire'],14\/317,243\/265,223\/282
Spinda,Seismitoad,Arcanine,['normal'],"['water', 'ground']",['fire'],276\/276,14\/317,223\/282
Exeggutor,Arcanine,Spinda,"['grass', 'psychic']",['fire'],['normal'],174\/308,223\/282,276\/276
Quagsire,Exeggutor,Spinda,"['water', 'ground']","['grass', 'psychic']",['normal'],247\/300,174\/308,276\/276
Wigglytuff,Spinda,Quagsire,"['normal', 'fairy']",['normal'],"['water', 'ground']",420\/420,276\/276,247\/300
Persian,Quagsire,Wigglytuff,['normal'],"['water', 'ground']","['normal', 'fairy']",263\/263,247\/300,420\/420
Registeel,Wigglytuff,Persian,['steel'],"['normal', 'fairy']",['normal'],259\/265,420\/420,263\/263
Wigglytuff,Registeel,Persian,"['normal', 'fairy']",['steel'],['normal'],166\/420,259\/265,263\/263
Arcanine,Persian,Wigglytuff,['fire'],['normal'],"['normal', 'fairy']",115\/282,263\/263,166\/420
Spinda,Wigglytuff,Arcanine,['normal'],"['normal', 'fairy']",['fire'],157\/276,166\/420,115\/282
Wigglytuff,Spinda,Arcanine,"['normal', 'fairy']",['normal'],['fire'],420\/420,157\/276,115\/282
Quagsire,Arcanine,Wigglytuff,"['water', 'ground']",['fire'],"['normal', 'fairy']",246\/300,115\/282,420\/420
Arcanine,Quagsire,Wigglytuff,['fire'],"['water', 'ground']","['normal', 'fairy']",218\/282,246\/300,420\/420
Delcatty,Arcanine,Wigglytuff,['normal'],['fire'],"['normal', 'fairy']",287\/287,218\/282,420\/420
Registeel,Wigglytuff,Delcatty,['steel'],"['normal', 'fairy']",['normal'],251\/265,420\/420,287\/287
Quagsire,Delcatty,Registeel,"['water', 'ground']",['normal'],['steel'],300\/300,287\/287,251\/265
Cofagrigus,Xatu,Tauros,['ghost'],"['psychic', 'flying']",['normal'],240\/240,246\/246,257\/257
Vaporeon,Tauros,Cofagrigus,['water'],['normal'],['ghost'],351\/351,257\/257,240\/240
Xatu,Cofagrigus,Vaporeon,"['psychic', 'flying']",['ghost'],['water'],246\/246,240\/240,351\/351
Cofagrigus,Xatu,Vaporeon,['ghost'],"['psychic', 'flying']",['water'],131\/240,246\/246,351\/351
Exeggutor,Cofagrigus,Vaporeon,"['grass', 'psychic']",['ghost'],['water'],308\/308,131\/240,351\/351
Fearow,Vaporeon,Exeggutor,"['normal', 'flying']",['water'],"['grass', 'psychic']",259\/259,351\/351,308\/308
Cofagrigus,Exeggutor,Fearow,['ghost'],"['grass', 'psychic']","['normal', 'flying']",146\/240,308\/308,259\/259
Vaporeon,Fearow,Cofagrigus,['water'],"['normal', 'flying']",['ghost'],308\/351,259\/259,146\/240
Exeggutor,Cofagrigus,Vaporeon,"['grass', 'psychic']",['ghost'],['water'],169\/308,146\/240,308\/351
Fearow,Vaporeon,Exeggutor,"['normal', 'flying']",['water'],"['grass', 'psychic']",195\/259,308\/351,169\/308
Cofagrigus,Exeggutor,Fearow,['ghost'],"['grass', 'psychic']","['normal', 'flying']",103\/240,169\/308,195\/259
Vaporeon,Fearow,Cofagrigus,['water'],"['normal', 'flying']",['ghost'],286\/351,195\/259,103\/240
Exeggutor,Cofagrigus,Vaporeon,"['grass', 'psychic']",['ghost'],['water'],202\/308,103\/240,286\/351
Fearow,Vaporeon,Exeggutor,"['normal', 'flying']",['water'],"['grass', 'psychic']",163\/259,286\/351,202\/308
Vileplume,Fearow,Exeggutor,"['grass', 'poison']","['normal', 'flying']","['grass', 'psychic']",275\/275,163\/259,202\/308
Xatu,Exeggutor,Vileplume,"['psychic', 'flying']","['grass', 'psychic']","['grass', 'poison']",246\/246,202\/308,275\/275
Vaporeon,Vileplume,Xatu,['water'],"['grass', 'poison']","['psychic', 'flying']",308\/351,275\/275,246\/246
Tauros,Vaporeon,Xatu,['normal'],['water'],"['psychic', 'flying']",257\/257,308\/351,246\/246
Rotom,Samurott,Carnivine,"['electric', 'ghost']",['water'],['grass'],100\/100,100\/100,100\/100
Aromatisse,Carnivine,Rotom,['fairy'],['grass'],"['electric', 'ghost']",100\/100,100\/100,100\/100
Unfezant,Rotom,Aromatisse,"['normal', 'flying']","['electric', 'ghost']",['fairy'],100\/100,100\/100,100\/100
Rotom,Unfezant,Aromatisse,"['electric', 'ghost']","['normal', 'flying']",['fairy'],62\/100,100\/100,100\/100
Carnivine,Aromatisse,Rotom,['grass'],['fairy'],"['electric', 'ghost']",100\/100,100\/100,62\/100
Aromatisse,Carnivine,Rotom,['fairy'],['grass'],"['electric', 'ghost']",86\/100,100\/100,62\/100
Samurott,Rotom,Aromatisse,['water'],"['electric', 'ghost']",['fairy'],100\/100,62\/100,86\/100
Unfezant,Samurott,Aromatisse,"['normal', 'flying']",['water'],['fairy'],82\/100,100\/100,86\/100
Ninetales,Unfezant,Aromatisse,['fire'],"['normal', 'flying']",['fairy'],100\/100,82\/100,86\/100
Muk,Aromatisse,Ninetales,['poison'],['fairy'],['fire'],100\/100,86\/100,100\/100
Samurott,Ninetales,Muk,['water'],['fire'],['poison'],100\/100,100\/100,100\/100
Dewgong,Muk,Samurott,"['water', 'ice']",['poison'],['water'],100\/100,100\/100,100\/100
Carnivine,Dewgong,Samurott,['grass'],"['water', 'ice']",['water'],53\/100,100\/100,100\/100
Sceptile,Samurott,Carnivine,['grass'],['water'],['grass'],100\/100,100\/100,53\/100
Muk,Carnivine,Sceptile,['poison'],['grass'],['grass'],16\/100,53\/100,100\/100
Lickilicky,Muk,Sceptile,['normal'],['poison'],['grass'],100\/100,16\/100,100\/100
Carnivine,Lickilicky,Sceptile,['grass'],['normal'],['grass'],86\/100,100\/100,100\/100
Dewgong,Carnivine,Sceptile,"['water', 'ice']",['grass'],['grass'],33\/100,86\/100,100\/100
Samurott,Sceptile,Dewgong,['water'],['grass'],"['water', 'ice']",82\/100,100\/100,33\/100
Drifblim,Dewgong,Samurott,"['ghost', 'flying']","['water', 'ice']",['water'],100\/100,33\/100,82\/100
Hitmontop,Samurott,Drifblim,['fighting'],['water'],"['ghost', 'flying']",100\/100,82\/100,100\/100
Sceptile,Hitmontop,Drifblim,['grass'],['fighting'],"['ghost', 'flying']",33\/100,100\/100,100\/100
Hitmontop,Sceptile,Drifblim,['fighting'],['grass'],"['ghost', 'flying']",100\/100,33\/100,100\/100
Luxray,Volcarona,Kingdra,['electric'],"['bug', 'fire']","['water', 'dragon']",284\/284,257\/257,266\/266
Forretress,Kingdra,Luxray,"['bug', 'steel']","['water', 'dragon']",['electric'],260\/260,266\/266,284\/284
Volcarona,Luxray,Forretress,"['bug', 'fire']",['electric'],"['bug', 'steel']",257\/257,284\/284,260\/260
Kingdra,Forretress,Volcarona,"['water', 'dragon']","['bug', 'steel']","['bug', 'fire']",240\/266,260\/260,257\/257
Gardevoir,Volcarona,Kingdra,"['psychic', 'fairy']","['bug', 'fire']","['water', 'dragon']",246\/246,257\/257,240\/266
Luxray,Gardevoir,Kingdra,['electric'],"['psychic', 'fairy']","['water', 'dragon']",159\/284,246\/246,240\/266
Gardevoir,Luxray,Kingdra,"['psychic', 'fairy']",['electric'],"['water', 'dragon']",30\/246,159\/284,240\/266
Forretress,Kingdra,Gardevoir,"['bug', 'steel']","['water', 'dragon']","['psychic', 'fairy']",165\/260,240\/266,30\/246
Volcarona,Gardevoir,Forretress,"['bug', 'fire']","['psychic', 'fairy']","['bug', 'steel']",257\/257,30\/246,165\/260
Kingdra,Forretress,Volcarona,"['water', 'dragon']","['bug', 'steel']","['bug', 'fire']",77\/266,165\/260,257\/257
Sandslash,Kingdra,Volcarona,['ground'],"['water', 'dragon']","['bug', 'fire']",275\/275,77\/266,257\/257
Gardevoir,Volcarona,Sandslash,"['psychic', 'fairy']","['bug', 'fire']",['ground'],30\/246,257\/257,275\/275
Durant,Gardevoir,Sandslash,"['bug', 'steel']","['psychic', 'fairy']",['ground'],221\/221,30\/246,275\/275
Kecleon,Sandslash,Durant,['normal'],['ground'],"['bug', 'steel']",252\/252,275\/275,221\/221
Forretress,Kecleon,Durant,"['bug', 'steel']",['normal'],"['bug', 'steel']",124\/260,252\/252,221\/221
Darmanitan,Durant,Forretress,['fire'],"['bug', 'steel']","['bug', 'steel']",303\/303,221\/221,124\/260
Kecleon,Forretress,Darmanitan,['normal'],"['bug', 'steel']",['fire'],227\/252,124\/260,303\/303
Cradily,Kecleon,Darmanitan,"['rock', 'grass']",['normal'],['fire'],298\/298,227\/252,303\/303
Kecleon,Cradily,Darmanitan,['normal'],"['rock', 'grass']",['fire'],202\/252,298\/298,303\/303
Alakazam,Darmanitan,Kecleon,['psychic'],['fire'],['normal'],216\/216,303\/303,202\/252
Slurpuff,Kecleon,Alakazam,['fairy'],['normal'],['psychic'],256\/256,202\/252,216\/216
Kecleon,Slurpuff,Alakazam,['normal'],['fairy'],['psychic'],152\/252,256\/256,216\/216
Umbreon,Torkoal,Diancie,['dark'],['fire'],"['rock', 'fairy']",394\/394,343\/343,304\/304
Tsareena,Diancie,Umbreon,['grass'],"['rock', 'fairy']",['dark'],285\/285,304\/304,394\/394
Sableye,Umbreon,Tsareena,"['dark', 'ghost']",['dark'],['grass'],303\/303,394\/394,285\/285
Diancie,Tsareena,Sableye,"['rock', 'fairy']",['grass'],"['dark', 'ghost']",304\/304,285\/285,303\/303
Torkoal,Sableye,Diancie,['fire'],"['dark', 'ghost']","['rock', 'fairy']",124\/343,303\/303,304\/304
Umbreon,Torkoal,Diancie,['dark'],['fire'],"['rock', 'fairy']",394\/394,124\/343,304\/304
Tsareena,Diancie,Umbreon,['grass'],"['rock', 'fairy']",['dark'],207\/285,304\/304,394\/394
Sudowoodo,Mesprit,Zapdos,['rock'],['psychic'],"['electric', 'flying']",252\/252,268\/268,259\/259
Pelipper,Zapdos,Sudowoodo,"['water', 'flying']","['electric', 'flying']",['rock'],214\/214,259\/259,252\/252
Pelipper,Sudowoodo,Pelipper,"['water', 'flying']",['rock'],"['water', 'flying']",214\/214,252\/252,214\/214
Mesprit,Pelipper,Pelipper,['psychic'],"['water', 'flying']","['water', 'flying']",268\/268,214\/214,214\/214
Klefki,Pelipper,Mesprit,"['steel', 'fairy']","['water', 'flying']",['psychic'],214\/214,214\/214,268\/268
Sudowoodo,Mesprit,Klefki,['rock'],['psychic'],"['steel', 'fairy']",213\/252,268\/268,214\/214
Keldeo,Klefki,Sudowoodo,"['water', 'fighting']","['steel', 'fairy']",['rock'],260\/260,214\/214,213\/252
Jumpluff,Sudowoodo,Keldeo,"['grass', 'flying']",['rock'],"['water', 'fighting']",259\/259,213\/252,260\/260
Klefki,Keldeo,Jumpluff,"['steel', 'fairy']","['water', 'fighting']","['grass', 'flying']",214\/214,260\/260,259\/259
Sudowoodo,Jumpluff,Klefki,['rock'],"['grass', 'flying']","['steel', 'fairy']",213\/252,259\/259,214\/214
Cobalion,Sudowoodo,Klefki,"['steel', 'fighting']",['rock'],"['steel', 'fairy']",267\/267,213\/252,214\/214
Keldeo,Klefki,Cobalion,"['water', 'fighting']","['steel', 'fairy']","['steel', 'fighting']",260\/260,214\/214,267\/267
Jumpluff,Cobalion,Keldeo,"['grass', 'flying']","['steel', 'fighting']","['water', 'fighting']",230\/259,267\/267,260\/260
Zapdos,Keldeo,Jumpluff,"['electric', 'flying']","['water', 'fighting']","['grass', 'flying']",234\/259,260\/260,230\/259
Sudowoodo,Jumpluff,Zapdos,['rock'],"['grass', 'flying']","['electric', 'flying']",213\/252,230\/259,234\/259
Latias,Sudowoodo,Zapdos,"['dragon', 'psychic']",['rock'],"['electric', 'flying']",247\/247,213\/252,234\/259
Keldeo,Zapdos,Latias,"['water', 'fighting']","['electric', 'flying']","['dragon', 'psychic']",135\/260,234\/259,247\/247
Cobalion,Latias,Keldeo,"['steel', 'fighting']","['dragon', 'psychic']","['water', 'fighting']",264\/267,247\/247,135\/260
Roserade,Keldeo,Cobalion,"['grass', 'poison']","['water', 'fighting']","['steel', 'fighting']",224\/224,135\/260,264\/267
Braviary,Roserade,Cobalion,"['normal', 'flying']","['grass', 'poison']","['steel', 'fighting']",295\/295,224\/224,264\/267
Mesprit,Cobalion,Braviary,['psychic'],"['steel', 'fighting']","['normal', 'flying']",268\/268,264\/267,295\/295
Volbeat,Kyurem,Scrafty,['bug'],"['dragon', 'ice']","['dark', 'fighting']",243\/243,311\/311,238\/238
Wishiwashi,Volbeat,Scrafty,['water'],['bug'],"['dark', 'fighting']",210\/210,243\/243,238\/238
Mandibuzz,Wishiwashi,Scrafty,"['dark', 'flying']",['water'],"['dark', 'fighting']",303\/303,210\/210,238\/238
Kyurem,Mandibuzz,Scrafty,"['dragon', 'ice']","['dark', 'flying']","['dark', 'fighting']",311\/311,303\/303,238\/238
Hypno,Scrafty,Kyurem,['psychic'],"['dark', 'fighting']","['dragon', 'ice']",277\/277,238\/238,311\/311
Bronzong,Kyurem,Hypno,"['steel', 'psychic']","['dragon', 'ice']",['psychic'],235\/235,311\/311,277\/277
Volcanion,Hypno,Bronzong,"['fire', 'water']",['psychic'],"['steel', 'psychic']",250\/250,277\/277,235\/235
Kyurem,Bronzong,Volcanion,"['dragon', 'ice']","['steel', 'psychic']","['fire', 'water']",286\/311,235\/235,250\/250
Hypno,Volcanion,Kyurem,['psychic'],"['fire', 'water']","['dragon', 'ice']",205\/277,250\/250,286\/311
Shiinotic,Hypno,Kyurem,"['grass', 'fairy']",['psychic'],"['dragon', 'ice']",235\/235,205\/277,286\/311
Volbeat,Kyurem,Shiinotic,['bug'],"['dragon', 'ice']","['grass', 'fairy']",243\/243,286\/311,235\/235
Scrafty,Shiinotic,Volbeat,"['dark', 'fighting']","['grass', 'fairy']",['bug'],187\/238,235\/235,243\/243
Mandibuzz,Volbeat,Scrafty,"['dark', 'flying']",['bug'],"['dark', 'fighting']",153\/303,243\/243,187\/238
Bronzong,Mandibuzz,Scrafty,"['steel', 'psychic']","['dark', 'flying']","['dark', 'fighting']",13\/235,153\/303,187\/238
Shiinotic,Scrafty,Bronzong,"['grass', 'fairy']","['dark', 'fighting']","['steel', 'psychic']",235\/235,187\/238,13\/235
Volbeat,Bronzong,Shiinotic,['bug'],"['steel', 'psychic']","['grass', 'fairy']",198\/243,13\/235,235\/235
Scrafty,Shiinotic,Volbeat,"['dark', 'fighting']","['grass', 'fairy']",['bug'],203\/238,235\/235,198\/243
Mandibuzz,Volbeat,Scrafty,"['dark', 'flying']",['bug'],"['dark', 'fighting']",171\/303,198\/243,203\/238
Bronzong,Mandibuzz,Scrafty,"['steel', 'psychic']","['dark', 'flying']","['dark', 'fighting']",13\/235,171\/303,203\/238
Kyurem,Bronzong,Scrafty,"['dragon', 'ice']","['steel', 'psychic']","['dark', 'fighting']",310\/311,13\/235,203\/238
Giratina,Scrafty,Kyurem,"['ghost', 'dragon']","['dark', 'fighting']","['dragon', 'ice']",339\/339,203\/238,310\/311
Scrafty,Giratina,Kyurem,"['dark', 'fighting']","['ghost', 'dragon']","['dragon', 'ice']",195\/238,339\/339,310\/311
Rayquaza,Kyurem,Scrafty,"['dragon', 'flying']","['dragon', 'ice']","['dark', 'fighting']",274\/274,310\/311,195\/238
Mandibuzz,Rayquaza,Scrafty,"['dark', 'flying']","['dragon', 'flying']","['dark', 'fighting']",185\/303,274\/274,195\/238
Kyurem,Mandibuzz,Scrafty,"['dragon', 'ice']","['dark', 'flying']","['dark', 'fighting']",311\/311,185\/303,195\/238
Registeel,Exeggutor,Sylveon,['steel'],"['grass', 'psychic']",['fairy'],256\/256,293\/293,273\/273
Jellicent,Sylveon,Registeel,"['water', 'ghost']",['fairy'],['steel'],295\/295,273\/273,256\/256
Volbeat,Jellicent,Registeel,['bug'],"['water', 'ghost']",['steel'],243\/243,295\/295,256\/256
Magcargo,Registeel,Volbeat,"['fire', 'rock']",['steel'],['bug'],235\/235,256\/256,243\/243
Jellicent,Volbeat,Magcargo,"['water', 'ghost']",['bug'],"['fire', 'rock']",295\/295,243\/243,235\/235
Registeel,Magcargo,Jellicent,['steel'],"['fire', 'rock']","['water', 'ghost']",256\/256,235\/235,295\/295
Exeggutor,Registeel,Jellicent,"['grass', 'psychic']",['steel'],"['water', 'ghost']",293\/293,256\/256,295\/295
Volbeat,Jellicent,Exeggutor,['bug'],"['water', 'ghost']","['grass', 'psychic']",198\/243,295\/295,293\/293
Registeel,Exeggutor,Volbeat,['steel'],"['grass', 'psychic']",['bug'],167\/256,293\/293,198\/243
Jellicent,Volbeat,Registeel,"['water', 'ghost']",['bug'],['steel'],295\/295,198\/243,167\/256
Exeggutor,Registeel,Jellicent,"['grass', 'psychic']",['steel'],"['water', 'ghost']",212\/293,167\/256,295\/295
Greninja,Exeggutor,Jellicent,"['water', 'dark']","['grass', 'psychic']","['water', 'ghost']",232\/232,212\/293,295\/295
Sylveon,Jellicent,Greninja,['fairy'],"['water', 'ghost']","['water', 'dark']",273\/273,295\/295,232\/232
Jellicent,Sylveon,Greninja,"['water', 'ghost']",['fairy'],"['water', 'dark']",295\/295,273\/273,232\/232
Exeggutor,Greninja,Jellicent,"['grass', 'psychic']","['water', 'dark']","['water', 'ghost']",160\/293,232\/232,295\/295
Shaymin,Jellicent,Exeggutor,['grass'],"['water', 'ghost']","['grass', 'psychic']",266\/266,295\/295,160\/293
Registeel,Exeggutor,Shaymin,['steel'],"['grass', 'psychic']",['grass'],231\/256,160\/293,266\/266
Jellicent,Shaymin,Registeel,"['water', 'ghost']",['grass'],['steel'],289\/295,266\/266,231\/256
Greninja,Registeel,Jellicent,"['water', 'dark']",['steel'],"['water', 'ghost']",232\/232,231\/256,289\/295
Sylveon,Jellicent,Greninja,['fairy'],"['water', 'ghost']","['water', 'dark']",261\/273,289\/295,232\/232
Escavalier,Greninja,Sylveon,"['bug', 'steel']","['water', 'dark']",['fairy'],240\/240,232\/232,261\/273
Sunflora,Sylveon,Escavalier,['grass'],['fairy'],"['bug', 'steel']",260\/260,261\/273,240\/240
Exeggutor,Escavalier,Sunflora,"['grass', 'psychic']","['bug', 'steel']",['grass'],160\/293,240\/240,260\/260
Jellicent,Sunflora,Exeggutor,"['water', 'ghost']",['grass'],"['grass', 'psychic']",286\/295,260\/260,160\/293
Shaymin,Jellicent,Exeggutor,['grass'],"['water', 'ghost']","['grass', 'psychic']",187\/266,286\/295,160\/293
Registeel,Exeggutor,Shaymin,['steel'],"['grass', 'psychic']",['grass'],195\/256,160\/293,187\/266
Salamence,Shaymin,Registeel,"['dragon', 'flying']",['grass'],['steel'],259\/259,187\/266,195\/256
Froslass,Registeel,Salamence,"['ice', 'ghost']",['steel'],"['dragon', 'flying']",246\/246,195\/256,259\/259
Magcargo,Froslass,Salamence,"['fire', 'rock']","['ice', 'ghost']","['dragon', 'flying']",235\/235,246\/246,259\/259
Jellicent,Salamence,Magcargo,"['water', 'ghost']","['dragon', 'flying']","['fire', 'rock']",268\/295,259\/259,235\/235
Registeel,Magcargo,Jellicent,['steel'],"['fire', 'rock']","['water', 'ghost']",256\/256,235\/235,268\/295
Salamence,Jellicent,Registeel,"['dragon', 'flying']","['water', 'ghost']",['steel'],178\/259,268\/295,256\/256
Magcargo,Registeel,Salamence,"['fire', 'rock']",['steel'],"['dragon', 'flying']",235\/235,256\/256,178\/259
Jellicent,Salamence,Magcargo,"['water', 'ghost']","['dragon', 'flying']","['fire', 'rock']",250\/295,178\/259,235\/235
Registeel,Magcargo,Jellicent,['steel'],"['fire', 'rock']","['water', 'ghost']",240\/256,235\/235,250\/295
Salamence,Jellicent,Registeel,"['dragon', 'flying']","['water', 'ghost']",['steel'],178\/259,250\/295,240\/256
Magcargo,Registeel,Salamence,"['fire', 'rock']",['steel'],"['dragon', 'flying']",235\/235,240\/256,178\/259
Jellicent,Salamence,Magcargo,"['water', 'ghost']","['dragon', 'flying']","['fire', 'rock']",232\/295,178\/259,235\/235
Registeel,Magcargo,Jellicent,['steel'],"['fire', 'rock']","['water', 'ghost']",224\/256,235\/235,232\/295
Salamence,Jellicent,Registeel,"['dragon', 'flying']","['water', 'ghost']",['steel'],259\/259,232\/295,224\/256
Greninja,Registeel,Salamence,"['water', 'dark']",['steel'],"['dragon', 'flying']",186\/232,224\/256,259\/259
Volbeat,Salamence,Greninja,['bug'],"['dragon', 'flying']","['water', 'dark']",105\/243,259\/259,186\/232
Sylveon,Volbeat,Greninja,['fairy'],['bug'],"['water', 'dark']",253\/273,105\/243,186\/232
Registeel,Greninja,Sylveon,['steel'],"['water', 'dark']",['fairy'],188\/256,186\/232,253\/273
Salamence,Sylveon,Registeel,"['dragon', 'flying']",['fairy'],['steel'],259\/259,253\/273,188\/256
Sylveon,Salamence,Registeel,['fairy'],"['dragon', 'flying']",['steel'],234\/273,259\/259,188\/256
Escavalier,Registeel,Sylveon,"['bug', 'steel']",['steel'],['fairy'],240\/240,188\/256,234\/273
Jellicent,Sylveon,Escavalier,"['water', 'ghost']",['fairy'],"['bug', 'steel']",214\/295,234\/273,240\/240
Exeggutor,Escavalier,Jellicent,"['grass', 'psychic']","['bug', 'steel']","['water', 'ghost']",183\/293,240\/240,214\/295
Sylveon,Jellicent,Exeggutor,['fairy'],"['water', 'ghost']","['grass', 'psychic']",251\/273,214\/295,183\/293
Magcargo,Exeggutor,Sylveon,"['fire', 'rock']","['grass', 'psychic']",['fairy'],235\/235,183\/293,251\/273
Jellicent,Sylveon,Magcargo,"['water', 'ghost']",['fairy'],"['fire', 'rock']",252\/295,251\/273,235\/235
Greninja,Magcargo,Jellicent,"['water', 'dark']","['fire', 'rock']","['water', 'ghost']",186\/232,235\/235,252\/295
Sylveon,Jellicent,Greninja,['fairy'],"['water', 'ghost']","['water', 'dark']",273\/273,252\/295,186\/232
Magcargo,Greninja,Sylveon,"['fire', 'rock']","['water', 'dark']",['fairy'],174\/235,186\/232,273\/273
Jellicent,Sylveon,Magcargo,"['water', 'ghost']",['fairy'],"['fire', 'rock']",252\/295,273\/273,174\/235
Exeggutor,Magcargo,Jellicent,"['grass', 'psychic']","['fire', 'rock']","['water', 'ghost']",183\/293,174\/235,252\/295
Shaymin,Jellicent,Exeggutor,['grass'],"['water', 'ghost']","['grass', 'psychic']",121\/266,252\/295,183\/293
Sylveon,Shaymin,Exeggutor,['fairy'],['grass'],"['grass', 'psychic']",212\/273,121\/266,183\/293
Magcargo,Exeggutor,Sylveon,"['fire', 'rock']","['grass', 'psychic']",['fairy'],235\/235,183\/293,212\/273
Exeggutor,Magcargo,Sylveon,"['grass', 'psychic']","['fire', 'rock']",['fairy'],201\/293,235\/235,212\/273
Magearna,Hydreigon,Gumshoos,"['steel', 'fairy']","['dark', 'dragon']",['normal'],244\/244,268\/268,282\/282
Nidoking,Gumshoos,Magearna,"['poison', 'ground']",['normal'],"['steel', 'fairy']",251\/251,282\/282,244\/244
Hydreigon,Magearna,Nidoking,"['dark', 'dragon']","['steel', 'fairy']","['poison', 'ground']",268\/268,244\/244,251\/251
Gumshoos,Nidoking,Hydreigon,['normal'],"['poison', 'ground']","['dark', 'dragon']",282\/282,251\/251,268\/268
Toxicroak,Gumshoos,Hydreigon,"['poison', 'fighting']",['normal'],"['dark', 'dragon']",267\/267,282\/282,268\/268
Zapdos,Hydreigon,Toxicroak,"['electric', 'flying']","['dark', 'dragon']","['poison', 'fighting']",259\/259,268\/268,267\/267
Nidoking,Toxicroak,Zapdos,"['poison', 'ground']","['poison', 'fighting']","['electric', 'flying']",251\/251,267\/267,259\/259
Tyranitar,Nidoking,Zapdos,"['rock', 'dark']","['poison', 'ground']","['electric', 'flying']",274\/274,251\/251,259\/259
Magearna,Zapdos,Tyranitar,"['steel', 'fairy']","['electric', 'flying']","['rock', 'dark']",241\/244,259\/259,274\/274
Toxicroak,Tyranitar,Magearna,"['poison', 'fighting']","['rock', 'dark']","['steel', 'fairy']",173\/267,274\/274,241\/244
Crawdaunt,Toxicroak,Magearna,"['water', 'dark']","['poison', 'fighting']","['steel', 'fairy']",224\/224,173\/267,241\/244
Nidoking,Crawdaunt,Magearna,"['poison', 'ground']","['water', 'dark']","['steel', 'fairy']",126\/251,224\/224,241\/244
Hydreigon,Magearna,Nidoking,"['dark', 'dragon']","['steel', 'fairy']","['poison', 'ground']",234\/268,241\/244,126\/251
Gumshoos,Nidoking,Hydreigon,['normal'],"['poison', 'ground']","['dark', 'dragon']",83\/282,126\/251,234\/268
Pheromosa,Gumshoos,Hydreigon,"['bug', 'fighting']",['normal'],"['dark', 'dragon']",224\/224,83\/282,234\/268
Gyarados,Hydreigon,Pheromosa,"['water', 'flying']","['dark', 'dragon']","['bug', 'fighting']",266\/266,234\/268,224\/224
Heatmor,Magnezone,Castform,['fire'],"['electric', 'steel']",['normal'],277\/277,229\/229,252\/252
Magnezone,Heatmor,Castform,"['electric', 'steel']",['fire'],['normal'],229\/229,277\/277,252\/252
Swampert,Magnezone,Castform,"['water', 'ground']","['electric', 'steel']",['normal'],274\/274,229\/229,252\/252
Lapras,Castform,Swampert,"['water', 'ice']",['normal'],"['water', 'ground']",351\/351,252\/252,274\/274
Venomoth,Swampert,Lapras,"['bug', 'poison']","['water', 'ground']","['water', 'ice']",234\/234,274\/274,351\/351
Accelgor,Lapras,Venomoth,['bug'],"['water', 'ice']","['bug', 'poison']",262\/262,351\/351,234\/234
Magnezone,Venomoth,Accelgor,"['electric', 'steel']","['bug', 'poison']",['bug'],229\/229,234\/234,262\/262
Landorus,Accelgor,Magnezone,"['ground', 'flying']",['bug'],"['electric', 'steel']",250\/250,262\/262,229\/229
Drifblim,Magnezone,Landorus,"['ghost', 'flying']","['electric', 'steel']","['ground', 'flying']",385\/385,229\/229,250\/250
Lapras,Landorus,Drifblim,"['water', 'ice']","['ground', 'flying']","['ghost', 'flying']",69\/351,250\/250,385\/385
Minior,Lapras,Drifblim,"['rock', 'flying']","['water', 'ice']","['ghost', 'flying']",230\/230,69\/351,385\/385
Magnezone,Drifblim,Minior,"['electric', 'steel']","['ghost', 'flying']","['rock', 'flying']",229\/229,385\/385,230\/230
Terrakion,Plusle,Mightyena,"['rock', 'fighting']",['electric'],['dark'],267\/267,219\/219,252\/252
Shiinotic,Mightyena,Terrakion,"['grass', 'fairy']",['dark'],"['rock', 'fighting']",235\/235,252\/252,267\/267
Gengar,Shiinotic,Terrakion,"['ghost', 'poison']","['grass', 'fairy']","['rock', 'fighting']",208\/208,235\/235,267\/267
Arcanine,Terrakion,Gengar,['fire'],"['rock', 'fighting']","['ghost', 'poison']",265\/265,267\/267,208\/208
Pelipper,Gengar,Arcanine,"['water', 'flying']","['ghost', 'poison']",['fire'],223\/223,208\/208,265\/265
Plusle,Arcanine,Pelipper,['electric'],['fire'],"['water', 'flying']",219\/219,265\/265,223\/223
Mightyena,Pelipper,Plusle,['dark'],"['water', 'flying']",['electric'],252\/252,223\/223,219\/219
Volcarona,Plusle,Mightyena,"['bug', 'fire']",['electric'],['dark'],251\/251,219\/219,252\/252
Dunsparce,Manectric,Noctowl,['normal'],['electric'],"['normal', 'flying']",302\/302,234\/234,302\/302
Spiritomb,Noctowl,Dunsparce,"['ghost', 'dark']","['normal', 'flying']",['normal'],219\/219,302\/302,302\/302
Beartic,Dunsparce,Spiritomb,['ice'],['normal'],"['ghost', 'dark']",293\/293,302\/302,219\/219
Lycanroc,Spiritomb,Beartic,['rock'],"['ghost', 'dark']",['ice'],277\/277,219\/219,293\/293
Roserade,Beartic,Lycanroc,"['grass', 'poison']",['ice'],['rock'],224\/224,293\/293,277\/277
Scolipede,Lycanroc,Roserade,"['bug', 'poison']",['rock'],"['grass', 'poison']",215\/215,277\/277,224\/224
Dunsparce,Roserade,Scolipede,['normal'],"['grass', 'poison']","['bug', 'poison']",157\/302,224\/224,215\/215
Manectric,Dunsparce,Scolipede,['electric'],['normal'],"['bug', 'poison']",234\/234,157\/302,215\/215
Roserade,Manectric,Scolipede,"['grass', 'poison']",['electric'],"['bug', 'poison']",202\/224,234\/234,215\/215
Reuniclus,Scolipede,Roserade,['psychic'],"['bug', 'poison']","['grass', 'poison']",300\/300,215\/215,202\/224
Grumpig,Roserade,Reuniclus,['psychic'],"['grass', 'poison']",['psychic'],268\/268,202\/224,300\/300
Manectric,Grumpig,Reuniclus,['electric'],['psychic'],['psychic'],164\/234,268\/268,300\/300
Reuniclus,Reuniclus,Manectric,['psychic'],['psychic'],['electric'],300\/300,300\/300,164\/234
Bellossom,Manectric,Reuniclus,['grass'],['electric'],['psychic'],260\/260,164\/234,300\/300
Lycanroc,Reuniclus,Bellossom,['rock'],['psychic'],['grass'],216\/277,300\/300,260\/260
Deoxys,Girafarig,Terrakion,['psychic'],"['normal', 'psychic']","['rock', 'fighting']",193\/193,252\/252,267\/267
Victreebel,Terrakion,Deoxys,"['grass', 'poison']","['rock', 'fighting']",['psychic'],268\/268,267\/267,193\/193
Bastiodon,Deoxys,Victreebel,"['rock', 'steel']",['psychic'],"['grass', 'poison']",235\/235,193\/193,268\/268
Girafarig,Bastiodon,Victreebel,"['normal', 'psychic']","['rock', 'steel']","['grass', 'poison']",252\/252,235\/235,268\/268
Minior,Girafarig,Victreebel,"['rock', 'flying']","['normal', 'psychic']","['grass', 'poison']",230\/230,252\/252,268\/268
Dragonite,Victreebel,Minior,"['dragon', 'flying']","['grass', 'poison']","['rock', 'flying']",263\/263,268\/268,230\/230
Bastiodon,Minior,Dragonite,"['rock', 'steel']","['rock', 'flying']","['dragon', 'flying']",142\/235,230\/230,263\/263
Terrakion,Dragonite,Bastiodon,"['rock', 'fighting']","['dragon', 'flying']","['rock', 'steel']",267\/267,263\/263,142\/235
Deoxys,Bastiodon,Terrakion,['psychic'],"['rock', 'steel']","['rock', 'fighting']",193\/193,142\/235,267\/267
Victreebel,Terrakion,Deoxys,"['grass', 'poison']","['rock', 'fighting']",['psychic'],268\/268,267\/267,193\/193
Blacephalon,Deoxys,Victreebel,"['fire', 'ghost']",['psychic'],"['grass', 'poison']",203\/203,193\/193,268\/268
Mantine,Victreebel,Blacephalon,"['water', 'flying']","['grass', 'poison']","['fire', 'ghost']",263\/263,268\/268,203\/203
Linoone,Blacephalon,Mantine,['normal'],"['fire', 'ghost']","['water', 'flying']",252\/252,203\/203,263\/263
Terrakion,Mantine,Linoone,"['rock', 'fighting']","['water', 'flying']",['normal'],239\/267,263\/263,252\/252
Rotom,Carracosta,Jellicent,"['electric', 'ghost']","['water', 'rock']","['water', 'ghost']",209\/209,259\/259,302\/302
Trevenant,Jellicent,Rotom,"['ghost', 'grass']","['water', 'ghost']","['electric', 'ghost']",280\/280,302\/302,209\/209
Tornadus,Rotom,Trevenant,['flying'],"['electric', 'ghost']","['ghost', 'grass']",251\/251,209\/209,280\/280
Galvantula,Trevenant,Tornadus,"['bug', 'electric']","['ghost', 'grass']",['flying'],239\/239,280\/280,251\/251
Malamar,Galvantula,Tornadus,"['dark', 'psychic']","['bug', 'electric']",['flying'],272\/272,239\/239,251\/251
Terrakion,Malamar,Tornadus,"['rock', 'fighting']","['dark', 'psychic']",['flying'],267\/267,272\/272,251\/251
Carracosta,Tornadus,Terrakion,"['water', 'rock']",['flying'],"['rock', 'fighting']",259\/259,251\/251,267\/267
Naganadel,Terrakion,Carracosta,"['poison', 'dragon']","['rock', 'fighting']","['water', 'rock']",227\/227,267\/267,259\/259
Jirachi,Carracosta,Naganadel,"['steel', 'psychic']","['water', 'rock']","['poison', 'dragon']",274\/274,259\/259,227\/227
Jellicent,Naganadel,Jirachi,"['water', 'ghost']","['poison', 'dragon']","['steel', 'psychic']",302\/302,227\/227,274\/274
Carracosta,Jirachi,Jellicent,"['water', 'rock']","['steel', 'psychic']","['water', 'ghost']",1\/259,274\/274,302\/302
Rotom,Carracosta,Jellicent,"['electric', 'ghost']","['water', 'rock']","['water', 'ghost']",176\/209,1\/259,302\/302
Medicham,Rotom,Jellicent,"['fighting', 'psychic']","['electric', 'ghost']","['water', 'ghost']",214\/214,176\/209,302\/302
Naganadel,Jellicent,Medicham,"['poison', 'dragon']","['water', 'ghost']","['fighting', 'psychic']",227\/227,302\/302,214\/214
Giratina,Mesprit,Stantler,"['ghost', 'dragon']",['psychic'],['normal'],339\/339,268\/268,260\/260
Suicune,Stantler,Giratina,['water'],['normal'],"['ghost', 'dragon']",281\/281,260\/260,339\/339
Suicune,Suicune,Giratina,['water'],['water'],"['ghost', 'dragon']",238\/281,281\/281,339\/339
Hitmonlee,Giratina,Suicune,['fighting'],"['ghost', 'dragon']",['water'],214\/214,339\/339,238\/281
Stantler,Suicune,Hitmonlee,['normal'],['water'],['fighting'],260\/260,238\/281,214\/214
Giratina,Hitmonlee,Stantler,"['ghost', 'dragon']",['fighting'],['normal'],339\/339,214\/214,260\/260
Suicune,Stantler,Giratina,['water'],['normal'],"['ghost', 'dragon']",195\/281,260\/260,339\/339
Tentacruel,Giratina,Suicune,"['water', 'poison']","['ghost', 'dragon']",['water'],250\/250,339\/339,195\/281
Kyurem,Suicune,Tentacruel,"['dragon', 'ice']",['water'],"['water', 'poison']",323\/323,195\/281,250\/250
Sharpedo,Tentacruel,Kyurem,"['water', 'dark']","['water', 'poison']","['dragon', 'ice']",234\/234,250\/250,323\/323
Machamp,Kyurem,Sharpedo,['fighting'],"['dragon', 'ice']","['water', 'dark']",272\/272,323\/323,234\/234
Mesprit,Sharpedo,Machamp,['psychic'],"['water', 'dark']",['fighting'],268\/268,234\/234,272\/272
Excadrill,Machamp,Mesprit,"['ground', 'steel']",['fighting'],['psychic'],289\/289,272\/272,268\/268
Sharpedo,Mesprit,Excadrill,"['water', 'dark']",['psychic'],"['ground', 'steel']",234\/234,268\/268,289\/289
Machamp,Excadrill,Sharpedo,['fighting'],"['ground', 'steel']","['water', 'dark']",238\/272,289\/289,234\/234
Mesprit,Sharpedo,Machamp,['psychic'],"['water', 'dark']",['fighting'],245\/268,234\/234,238\/272
Excadrill,Machamp,Mesprit,"['ground', 'steel']",['fighting'],['psychic'],229\/289,238\/272,245\/268
Sharpedo,Mesprit,Excadrill,"['water', 'dark']",['psychic'],"['ground', 'steel']",234\/234,245\/268,229\/289
Suicune,Excadrill,Sharpedo,['water'],"['ground', 'steel']","['water', 'dark']",107\/281,229\/289,234\/234
Machamp,Suicune,Sharpedo,['fighting'],['water'],"['water', 'dark']",167\/272,107\/281,234\/234
Mesprit,Sharpedo,Machamp,['psychic'],"['water', 'dark']",['fighting'],223\/268,234\/234,167\/272
Giratina,Mesprit,Machamp,"['ghost', 'dragon']",['psychic'],['fighting'],339\/339,223\/268,167\/272
Hitmonlee,Giratina,Machamp,['fighting'],"['ghost', 'dragon']",['fighting'],94\/214,339\/339,167\/272
Excadrill,Machamp,Hitmonlee,"['ground', 'steel']",['fighting'],['fighting'],139\/289,167\/272,94\/214
Stantler,Excadrill,Hitmonlee,['normal'],"['ground', 'steel']",['fighting'],234\/260,139\/289,94\/214
Glaceon,Hitmonlee,Stantler,['ice'],['fighting'],['normal'],246\/246,94\/214,234\/260
Giratina,Glaceon,Stantler,"['ghost', 'dragon']",['ice'],['normal'],244\/339,246\/246,234\/260
Machamp,Stantler,Giratina,['fighting'],['normal'],"['ghost', 'dragon']",167\/272,234\/260,244\/339
Mesprit,Giratina,Machamp,['psychic'],"['ghost', 'dragon']",['fighting'],182\/268,244\/339,167\/272
Carracosta,Rayquaza,Incineroar,"['water', 'rock']","['dragon', 'flying']","['fire', 'dark']",259\/259,274\/274,287\/287
Lilligant,Incineroar,Carracosta,['grass'],"['fire', 'dark']","['water', 'rock']",252\/252,287\/287,259\/259
Exeggutor,Carracosta,Lilligant,"['grass', 'psychic']","['water', 'rock']",['grass'],290\/290,259\/259,252\/252
Tentacruel,Lilligant,Exeggutor,"['water', 'poison']",['grass'],"['grass', 'psychic']",250\/250,252\/252,290\/290
Machamp,Tentacruel,Exeggutor,['fighting'],"['water', 'poison']","['grass', 'psychic']",272\/272,250\/250,290\/290
Azumarill,Exeggutor,Machamp,"['water', 'fairy']","['grass', 'psychic']",['fighting'],277\/277,290\/290,272\/272
Torkoal,Machamp,Azumarill,['fire'],['fighting'],"['water', 'fairy']",255\/255,272\/272,277\/277
Lilligant,Torkoal,Azumarill,['grass'],['fire'],"['water', 'fairy']",252\/252,255\/255,277\/277
Exeggutor,Azumarill,Lilligant,"['grass', 'psychic']","['water', 'fairy']",['grass'],290\/290,277\/277,252\/252
Machamp,Lilligant,Exeggutor,['fighting'],['grass'],"['grass', 'psychic']",272\/272,252\/252,290\/290
Tornadus,Exeggutor,Machamp,['flying'],"['grass', 'psychic']",['fighting'],242\/242,290\/290,272\/272
Torkoal,Machamp,Tornadus,['fire'],['fighting'],['flying'],192\/255,272\/272,242\/242
Carracosta,Tornadus,Torkoal,"['water', 'rock']",['flying'],['fire'],211\/259,242\/242,192\/255
Barbaracle,Torkoal,Carracosta,"['rock', 'water']",['fire'],"['water', 'rock']",246\/246,192\/255,211\/259
Azumarill,Carracosta,Barbaracle,"['water', 'fairy']","['water', 'rock']","['rock', 'water']",71\/277,211\/259,246\/246
Carracosta,Azumarill,Barbaracle,"['water', 'rock']","['water', 'fairy']","['rock', 'water']",19\/259,71\/277,246\/246
Rayquaza,Carracosta,Barbaracle,"['dragon', 'flying']","['water', 'rock']","['rock', 'water']",274\/274,19\/259,246\/246
Lilligant,Barbaracle,Rayquaza,['grass'],"['rock', 'water']","['dragon', 'flying']",139\/252,246\/246,274\/274
Exeggutor,Rayquaza,Lilligant,"['grass', 'psychic']","['dragon', 'flying']",['grass'],162\/290,274\/274,139\/252
Incineroar,Lilligant,Exeggutor,"['fire', 'dark']",['grass'],"['grass', 'psychic']",287\/287,139\/252,162\/290
Tornadus,Exeggutor,Incineroar,['flying'],"['grass', 'psychic']","['fire', 'dark']",232\/242,162\/290,287\/287
Lilligant,Incineroar,Tornadus,['grass'],"['fire', 'dark']",['flying'],123\/252,287\/287,232\/242
Exeggutor,Tornadus,Lilligant,"['grass', 'psychic']",['flying'],['grass'],162\/290,232\/242,123\/252
Durant,Tropius,Mandibuzz,"['bug', 'steel']","['grass', 'flying']","['dark', 'flying']",219\/219,304\/304,303\/303
Gardevoir,Durant,Mandibuzz,"['psychic', 'fairy']","['bug', 'steel']","['dark', 'flying']",237\/237,219\/219,303\/303
Garchomp,Mandibuzz,Gardevoir,"['dragon', 'ground']","['dark', 'flying']","['psychic', 'fairy']",286\/286,303\/303,237\/237
Tropius,Gardevoir,Garchomp,"['grass', 'flying']","['psychic', 'fairy']","['dragon', 'ground']",304\/304,237\/237,286\/286
Kyurem,Garchomp,Tropius,"['dragon', 'ice']","['dragon', 'ground']","['grass', 'flying']",323\/323,286\/286,304\/304
Deoxys,Kyurem,Tropius,['psychic'],"['dragon', 'ice']","['grass', 'flying']",193\/193,323\/323,304\/304
Absol,Tropius,Deoxys,['dark'],"['grass', 'flying']",['psychic'],229\/229,304\/304,193\/193
Sylveon,Deoxys,Absol,['fairy'],['psychic'],['dark'],273\/273,193\/193,229\/229
Landorus,Absol,Sylveon,"['ground', 'flying']",['dark'],['fairy'],250\/250,229\/229,273\/273
Kyurem,Sylveon,Landorus,"['dragon', 'ice']",['fairy'],"['ground', 'flying']",283\/323,273\/273,250\/250
Absol,Landorus,Kyurem,['dark'],"['ground', 'flying']","['dragon', 'ice']",186\/229,250\/250,283\/323
Gardevoir,Absol,Kyurem,"['psychic', 'fairy']",['dark'],"['dragon', 'ice']",100\/237,186\/229,283\/323
Deoxys,Kyurem,Gardevoir,['psychic'],"['dragon', 'ice']","['psychic', 'fairy']",174\/193,283\/323,100\/237
Torterra,Gardevoir,Deoxys,"['grass', 'ground']","['psychic', 'fairy']",['psychic'],287\/287,100\/237,174\/193
Tropius,Torterra,Deoxys,"['grass', 'flying']","['grass', 'ground']",['psychic'],304\/304,287\/287,174\/193
Sylveon,Deoxys,Tropius,['fairy'],['psychic'],"['grass', 'flying']",273\/273,174\/193,304\/304
Torterra,Tropius,Sylveon,"['grass', 'ground']","['grass', 'flying']",['fairy'],197\/287,304\/304,273\/273
Tropius,Torterra,Sylveon,"['grass', 'flying']","['grass', 'ground']",['fairy'],181\/304,197\/287,273\/273
Gardevoir,Tropius,Sylveon,"['psychic', 'fairy']","['grass', 'flying']",['fairy'],77\/237,181\/304,273\/273
Torterra,Gardevoir,Sylveon,"['grass', 'ground']","['psychic', 'fairy']",['fairy'],207\/287,77\/237,273\/273
Tropius,Torterra,Sylveon,"['grass', 'flying']","['grass', 'ground']",['fairy'],249\/304,207\/287,273\/273
Deoxys,Sylveon,Tropius,['psychic'],['fairy'],"['grass', 'flying']",112\/193,273\/273,249\/304
Carbink,Necrozma,Cryogonal,"['rock', 'fairy']",['psychic'],['ice'],234\/234,279\/279,283\/283
Chansey,Cryogonal,Carbink,['normal'],['ice'],"['rock', 'fairy']",531\/531,283\/283,234\/234
Donphan,Carbink,Chansey,['ground'],"['rock', 'fairy']",['normal'],288\/288,234\/234,531\/531
Meganium,Chansey,Donphan,['grass'],['normal'],['ground'],287\/287,531\/531,288\/288
Nihilego,Donphan,Meganium,"['rock', 'poison']",['ground'],['grass'],313\/313,288\/288,287\/287
Cryogonal,Meganium,Nihilego,['ice'],['grass'],"['rock', 'poison']",283\/283,287\/287,313\/313
Carbink,Nihilego,Cryogonal,"['rock', 'fairy']","['rock', 'poison']",['ice'],182\/234,313\/313,283\/283
Nihilego,Carbink,Cryogonal,"['rock', 'poison']","['rock', 'fairy']",['ice'],274\/313,182\/234,283\/283
Chansey,Cryogonal,Nihilego,['normal'],['ice'],"['rock', 'poison']",531\/531,283\/283,274\/313
Donphan,Nihilego,Chansey,['ground'],"['rock', 'poison']",['normal'],288\/288,274\/313,531\/531
Meganium,Chansey,Donphan,['grass'],['normal'],['ground'],142\/287,531\/531,288\/288
Nihilego,Donphan,Meganium,"['rock', 'poison']",['ground'],['grass'],235\/313,288\/288,142\/287
Chansey,Meganium,Nihilego,['normal'],['grass'],"['rock', 'poison']",498\/531,142\/287,235\/313
Donphan,Nihilego,Chansey,['ground'],"['rock', 'poison']",['normal'],270\/288,235\/313,498\/531
Meganium,Chansey,Donphan,['grass'],['normal'],['ground'],174\/287,498\/531,270\/288
Victreebel,Donphan,Meganium,"['grass', 'poison']",['ground'],['grass'],284\/284,270\/288,174\/287
Torterra,Meganium,Victreebel,"['grass', 'ground']",['grass'],"['grass', 'poison']",304\/304,174\/287,284\/284
Meganium,Torterra,Victreebel,['grass'],"['grass', 'ground']","['grass', 'poison']",114\/287,304\/304,284\/284
Gengar,Meganium,Victreebel,"['ghost', 'poison']",['grass'],"['grass', 'poison']",222\/222,114\/287,284\/284
Donphan,Victreebel,Gengar,['ground'],"['grass', 'poison']","['ghost', 'poison']",172\/288,284\/284,222\/222
Torterra,Gengar,Donphan,"['grass', 'ground']","['ghost', 'poison']",['ground'],167\/304,222\/222,172\/288
Necrozma,Donphan,Torterra,['psychic'],['ground'],"['grass', 'ground']",279\/279,172\/288,167\/304
Cryogonal,Torterra,Necrozma,['ice'],"['grass', 'ground']",['psychic'],51\/283,167\/304,279\/279
Gengar,Cryogonal,Necrozma,"['ghost', 'poison']",['ice'],['psychic'],222\/222,51\/283,279\/279
Torterra,Gengar,Necrozma,"['grass', 'ground']","['ghost', 'poison']",['psychic'],234\/304,222\/222,279\/279
Exploud,Necrozma,Torterra,['normal'],['psychic'],"['grass', 'ground']",316\/316,279\/279,234\/304
Chansey,Torterra,Exploud,['normal'],"['grass', 'ground']",['normal'],429\/531,234\/304,316\/316
Nihilego,Exploud,Chansey,"['rock', 'poison']",['normal'],['normal'],132\/313,316\/316,429\/531
Donphan,Nihilego,Chansey,['ground'],"['rock', 'poison']",['normal'],154\/288,132\/313,429\/531
Torterra,Chansey,Donphan,"['grass', 'ground']",['normal'],['ground'],234\/304,429\/531,154\/288
Pikachu,Torterra,Donphan,['electric'],"['grass', 'ground']",['ground'],209\/209,234\/304,154\/288
Exploud,Donphan,Pikachu,['normal'],['ground'],['electric'],277\/316,154\/288,209\/209
Darkrai,Crawdaunt,Lanturn,['dark'],"['water', 'dark']","['water', 'electric']",237\/237,237\/237,363\/363
Serperior,Lanturn,Darkrai,['grass'],"['water', 'electric']",['dark'],251\/251,363\/363,237\/237
Rapidash,Darkrai,Serperior,['fire'],['dark'],['grass'],259\/259,237\/237,251\/251
Manaphy,Serperior,Rapidash,['water'],['grass'],['fire'],295\/295,251\/251,259\/259
Kingdra,Rapidash,Manaphy,"['water', 'dragon']",['fire'],['water'],266\/266,259\/259,295\/295
Darkrai,Kingdra,Manaphy,['dark'],"['water', 'dragon']",['water'],237\/237,266\/266,295\/295
Ariados,Manaphy,Darkrai,"['bug', 'poison']",['water'],['dark'],269\/269,295\/295,237\/237
Dodrio,Darkrai,Ariados,"['normal', 'flying']",['dark'],"['bug', 'poison']",249\/249,237\/237,269\/269
Serperior,Ariados,Dodrio,['grass'],"['bug', 'poison']","['normal', 'flying']",176\/251,269\/269,249\/249
Houndoom,Serperior,Dodrio,"['dark', 'fire']",['grass'],"['normal', 'flying']",259\/259,176\/251,249\/249
Lanturn,Houndoom,Dodrio,"['water', 'electric']","['dark', 'fire']","['normal', 'flying']",276\/363,259\/259,249\/249
Houndoom,Lanturn,Dodrio,"['dark', 'fire']","['water', 'electric']","['normal', 'flying']",259\/259,276\/363,249\/249
Heliolisk,Houndoom,Dodrio,"['electric', 'normal']","['dark', 'fire']","['normal', 'flying']",247\/247,259\/259,249\/249
Primarina,Darmanitan,Rayquaza,"['water', 'fairy']",['fire'],"['dragon', 'flying']",265\/265,310\/310,291\/291
Nidoqueen,Rayquaza,Primarina,"['poison', 'ground']","['dragon', 'flying']","['water', 'fairy']",288\/288,291\/291,265\/265
Darmanitan,Primarina,Nidoqueen,['fire'],"['water', 'fairy']","['poison', 'ground']",279\/310,265\/265,288\/288
Unown,Nidoqueen,Darmanitan,['psychic'],"['poison', 'ground']",['fire'],258\/258,288\/288,279\/310
Greninja,Unown,Darmanitan,"['water', 'dark']",['psychic'],['fire'],246\/246,258\/258,279\/310
Magearna,Darmanitan,Greninja,"['steel', 'fairy']",['fire'],"['water', 'dark']",259\/259,279\/310,246\/246
Primarina,Magearna,Greninja,"['water', 'fairy']","['steel', 'fairy']","['water', 'dark']",265\/265,259\/259,246\/246
Aromatisse,Greninja,Primarina,['fairy'],"['water', 'dark']","['water', 'fairy']",317\/317,246\/246,265\/265
Nidoqueen,Aromatisse,Primarina,"['poison', 'ground']",['fairy'],"['water', 'fairy']",203\/288,317\/317,265\/265
Chimecho,Primarina,Nidoqueen,['psychic'],"['water', 'fairy']","['poison', 'ground']",278\/278,265\/265,203\/288
Greninja,Nidoqueen,Chimecho,"['water', 'dark']","['poison', 'ground']",['psychic'],246\/246,203\/288,278\/278
Rayquaza,Greninja,Chimecho,"['dragon', 'flying']","['water', 'dark']",['psychic'],247\/291,246\/246,278\/278
Primarina,Chimecho,Rayquaza,"['water', 'fairy']",['psychic'],"['dragon', 'flying']",198\/265,278\/278,247\/291
Meloetta,Rayquaza,Primarina,"['normal', 'psychic']","['dragon', 'flying']","['water', 'fairy']",302\/302,247\/291,198\/265
Cofagrigus,Primarina,Meloetta,['ghost'],"['water', 'fairy']","['normal', 'psychic']",237\/237,198\/265,302\/302
Darmanitan,Cofagrigus,Meloetta,['fire'],['ghost'],"['normal', 'psychic']",194\/310,237\/237,302\/302
Rayquaza,Meloetta,Darmanitan,"['dragon', 'flying']","['normal', 'psychic']",['fire'],247\/291,302\/302,194\/310
Sceptile,Darmanitan,Rayquaza,['grass'],['fire'],"['dragon', 'flying']",255\/255,194\/310,247\/291
Greninja,Rayquaza,Sceptile,"['water', 'dark']","['dragon', 'flying']",['grass'],246\/246,247\/291,255\/255
Primarina,Sceptile,Greninja,"['water', 'fairy']",['grass'],"['water', 'dark']",132\/265,255\/255,246\/246
Genesect,Tornadus,Alomomola,"['bug', 'steel']",['flying'],['water'],239\/239,258\/258,405\/405
Volcarona,Alomomola,Genesect,"['bug', 'fire']",['water'],"['bug', 'steel']",267\/267,405\/405,239\/239
Bruxish,Genesect,Volcarona,"['water', 'psychic']","['bug', 'steel']","['bug', 'fire']",254\/254,239\/239,267\/267
Tyrantrum,Volcarona,Bruxish,"['rock', 'dragon']","['bug', 'fire']","['water', 'psychic']",275\/275,267\/267,254\/254
Sawk,Bruxish,Tyrantrum,['fighting'],"['water', 'psychic']","['rock', 'dragon']",272\/272,254\/254,275\/275
Aromatisse,Tyrantrum,Sawk,['fairy'],"['rock', 'dragon']",['fighting'],317\/317,275\/275,272\/272
Tornadus,Sawk,Aromatisse,['flying'],['fighting'],['fairy'],258\/258,272\/272,317\/317
Unfezant,Tornadus,Aromatisse,"['normal', 'flying']",['flying'],['fairy'],287\/287,258\/258,317\/317
Stunfisk,Aromatisse,Unfezant,"['ground', 'electric']",['fairy'],"['normal', 'flying']",346\/346,317\/317,287\/287
Sawk,Unfezant,Stunfisk,['fighting'],"['normal', 'flying']","['ground', 'electric']",165\/272,287\/287,346\/346
Alomomola,Stunfisk,Sawk,['water'],"['ground', 'electric']",['fighting'],405\/405,346\/346,165\/272
Tornadus,Sawk,Alomomola,['flying'],['fighting'],['water'],258\/258,165\/272,405\/405
Genesect,Tornadus,Alomomola,"['bug', 'steel']",['flying'],['water'],182\/239,258\/258,405\/405
Volcarona,Alomomola,Genesect,"['bug', 'fire']",['water'],"['bug', 'steel']",251\/267,405\/405,182\/239
Bruxish,Genesect,Volcarona,"['water', 'psychic']","['bug', 'steel']","['bug', 'fire']",194\/254,182\/239,251\/267
Alomomola,Volcarona,Bruxish,['water'],"['bug', 'fire']","['water', 'psychic']",405\/405,251\/267,194\/254
Genesect,Bruxish,Alomomola,"['bug', 'steel']","['water', 'psychic']",['water'],111\/239,194\/254,405\/405
Volcarona,Alomomola,Genesect,"['bug', 'fire']",['water'],"['bug', 'steel']",200\/267,405\/405,111\/239
Tornadus,Genesect,Volcarona,['flying'],"['bug', 'steel']","['bug', 'fire']",247\/258,111\/239,200\/267
Stunfisk,Volcarona,Tornadus,"['ground', 'electric']","['bug', 'fire']",['flying'],207\/346,200\/267,247\/258
Forretress,Floette,Drapion,"['bug', 'steel']",['fairy'],"['poison', 'dark']",263\/263,250\/250,255\/255
Zebstrika,Forretress,Drapion,['electric'],"['bug', 'steel']","['poison', 'dark']",278\/278,263\/263,255\/255
Liepard,Zebstrika,Drapion,['dark'],['electric'],"['poison', 'dark']",256\/256,278\/278,255\/255
Zebstrika,Liepard,Drapion,['electric'],['dark'],"['poison', 'dark']",278\/278,256\/256,255\/255
Magmortar,Drapion,Zebstrika,['fire'],"['poison', 'dark']",['electric'],269\/269,255\/255,278\/278
Hariyama,Zebstrika,Magmortar,['fighting'],['electric'],['fire'],388\/388,278\/278,269\/269
Primarina,Magmortar,Hariyama,"['water', 'fairy']",['fire'],['fighting'],265\/265,269\/269,388\/388
Floette,Hariyama,Primarina,['fairy'],['fighting'],"['water', 'fairy']",250\/250,388\/388,265\/265
Charizard,Primarina,Floette,"['fire', 'flying']","['water', 'fairy']",['fairy'],277\/277,265\/265,250\/250
Zebstrika,Floette,Charizard,['electric'],['fairy'],"['fire', 'flying']",263\/278,250\/250,277\/277
Hariyama,Zebstrika,Charizard,['fighting'],['electric'],"['fire', 'flying']",251\/388,263\/278,277\/277
Lopunny,Charizard,Hariyama,['normal'],"['fire', 'flying']",['fighting'],235\/235,277\/277,251\/388
Magmortar,Lopunny,Hariyama,['fire'],['normal'],['fighting'],156\/269,235\/235,251\/388
Kommo-o,Hariyama,Magmortar,"['dragon', 'fighting']",['fighting'],['fire'],251\/251,251\/388,156\/269
Magnezone,Magmortar,Kommo-o,"['electric', 'steel']",['fire'],"['dragon', 'fighting']",243\/243,156\/269,251\/251
Tapu Koko,Diggersby,Tornadus,"['electric', 'fairy']","['normal', 'ground']",['flying'],243\/243,270\/270,267\/267
Excadrill,Tornadus,Tapu Koko,"['ground', 'steel']",['flying'],"['electric', 'fairy']",307\/307,267\/267,243\/243
Landorus,Tapu Koko,Excadrill,"['ground', 'flying']","['electric', 'fairy']","['ground', 'steel']",267\/267,243\/243,307\/307
Clawitzer,Excadrill,Landorus,['water'],"['ground', 'steel']","['ground', 'flying']",262\/262,307\/307,267\/267
Lumineon,Landorus,Clawitzer,['water'],"['ground', 'flying']",['water'],268\/268,267\/267,262\/262
Kyogre,Clawitzer,Lumineon,['water'],['water'],['water'],284\/284,262\/262,268\/268
Braviary,Lumineon,Kyogre,"['normal', 'flying']",['water'],['water'],311\/311,268\/268,284\/284
Landorus,Braviary,Kyogre,"['ground', 'flying']","['normal', 'flying']",['water'],267\/267,311\/311,284\/284
Clawitzer,Kyogre,Landorus,['water'],['water'],"['ground', 'flying']",262\/262,284\/284,267\/267
Lumineon,Landorus,Clawitzer,['water'],"['ground', 'flying']",['water'],66\/268,267\/267,262\/262
Tapu Koko,Lumineon,Clawitzer,"['electric', 'fairy']",['water'],['water'],243\/243,66\/268,262\/262
Espeon,Clawitzer,Tapu Koko,['psychic'],['water'],"['electric', 'fairy']",246\/246,262\/262,243\/243
Heatmor,Espeon,Tapu Koko,['fire'],['psychic'],"['electric', 'fairy']",295\/295,246\/246,243\/243
Landorus,Tapu Koko,Heatmor,"['ground', 'flying']","['electric', 'fairy']",['fire'],267\/267,243\/243,295\/295
Clawitzer,Heatmor,Landorus,['water'],['fire'],"['ground', 'flying']",246\/262,295\/295,267\/267
Primarina,Landorus,Clawitzer,"['water', 'fairy']","['ground', 'flying']",['water'],265\/265,267\/267,246\/262
Tornadus,Clawitzer,Primarina,['flying'],['water'],"['water', 'fairy']",68\/267,246\/262,265\/265
Heatmor,Tornadus,Primarina,['fire'],['flying'],"['water', 'fairy']",295\/295,68\/267,265\/265
Braviary,Primarina,Heatmor,"['normal', 'flying']","['water', 'fairy']",['fire'],311\/311,265\/265,295\/295
Landorus,Braviary,Heatmor,"['ground', 'flying']","['normal', 'flying']",['fire'],241\/267,311\/311,295\/295
Kyogre,Heatmor,Landorus,['water'],['fire'],"['ground', 'flying']",188\/284,295\/295,241\/267
Tapu Koko,Landorus,Kyogre,"['electric', 'fairy']","['ground', 'flying']",['water'],243\/243,241\/267,188\/284
Primarina,Tapu Koko,Kyogre,"['water', 'fairy']","['electric', 'fairy']",['water'],8\/265,243\/243,188\/284
Meowstic,Walrein,Cobalion,['psychic'],"['ice', 'water']","['steel', 'fighting']",277\/277,337\/337,277\/277
Solgaleo,Meowstic,Cobalion,"['psychic', 'steel']",['psychic'],"['steel', 'fighting']",325\/325,277\/277,277\/277
Krookodile,Cobalion,Solgaleo,"['ground', 'dark']","['steel', 'fighting']","['psychic', 'steel']",287\/287,277\/277,325\/325
Articuno,Solgaleo,Krookodile,"['ice', 'flying']","['psychic', 'steel']","['ground', 'dark']",298\/298,325\/325,287\/287
Lapras,Krookodile,Articuno,"['water', 'ice']","['ground', 'dark']","['ice', 'flying']",368\/368,287\/287,298\/298
Cobalion,Lapras,Articuno,"['steel', 'fighting']","['water', 'ice']","['ice', 'flying']",118\/277,368\/368,298\/298
Solgaleo,Articuno,Cobalion,"['psychic', 'steel']","['ice', 'flying']","['steel', 'fighting']",325\/325,298\/298,118\/277
Krookodile,Cobalion,Solgaleo,"['ground', 'dark']","['steel', 'fighting']","['psychic', 'steel']",287\/287,118\/277,325\/325
Articuno,Solgaleo,Krookodile,"['ice', 'flying']","['psychic', 'steel']","['ground', 'dark']",224\/298,325\/325,287\/287
Lapras,Krookodile,Articuno,"['water', 'ice']","['ground', 'dark']","['ice', 'flying']",368\/368,287\/287,224\/298
Cobalion,Lapras,Articuno,"['steel', 'fighting']","['water', 'ice']","['ice', 'flying']",73\/277,368\/368,224\/298
Solgaleo,Articuno,Cobalion,"['psychic', 'steel']","['ice', 'flying']","['steel', 'fighting']",45\/325,224\/298,73\/277
Meowstic,Solgaleo,Cobalion,['psychic'],"['psychic', 'steel']","['steel', 'fighting']",115\/277,45\/325,73\/277
Lapras,Cobalion,Meowstic,"['water', 'ice']","['steel', 'fighting']",['psychic'],368\/368,73\/277,115\/277
Walrein,Meowstic,Lapras,"['ice', 'water']",['psychic'],"['water', 'ice']",337\/337,115\/277,368\/368
Articuno,Walrein,Lapras,"['ice', 'flying']","['ice', 'water']","['water', 'ice']",298\/298,337\/337,368\/368
Cobalion,Lapras,Articuno,"['steel', 'fighting']","['water', 'ice']","['ice', 'flying']",73\/277,368\/368,298\/298
Bibarel,Articuno,Cobalion,"['normal', 'water']","['ice', 'flying']","['steel', 'fighting']",282\/282,298\/298,73\/277
Lapras,Cobalion,Bibarel,"['water', 'ice']","['steel', 'fighting']","['normal', 'water']",368\/368,73\/277,282\/282
Carnivine,Lapras,Bibarel,['grass'],"['water', 'ice']","['normal', 'water']",301\/301,368\/368,282\/282
Cobalion,Carnivine,Bibarel,"['steel', 'fighting']",['grass'],"['normal', 'water']",28\/277,301\/301,282\/282
Krookodile,Cobalion,Bibarel,"['ground', 'dark']","['steel', 'fighting']","['normal', 'water']",227\/287,28\/277,282\/282
Farfetchd,Krookodile,Bibarel,"['normal', 'flying']","['ground', 'dark']","['normal', 'water']",259\/259,227\/287,282\/282
Deoxys,Farfetchd,Bibarel,['psychic'],"['normal', 'flying']","['normal', 'water']",201\/201,259\/259,282\/282
Alakazam,Torkoal,Simisear,['psychic'],['fire'],['fire'],216\/216,255\/255,275\/275
Pangoro,Simisear,Alakazam,"['fighting', 'dark']",['fire'],['psychic'],304\/304,275\/275,216\/216
Gothitelle,Pangoro,Alakazam,['psychic'],"['fighting', 'dark']",['psychic'],266\/266,304\/304,216\/216
Pangoro,Gothitelle,Alakazam,"['fighting', 'dark']",['psychic'],['psychic'],285\/304,266\/266,216\/216
Leafeon,Pangoro,Alakazam,['grass'],"['fighting', 'dark']",['psychic'],258\/258,285\/304,216\/216
Absol,Leafeon,Alakazam,['dark'],['grass'],['psychic'],241\/241,258\/258,216\/216
Sandslash,Alakazam,Absol,['ground'],['psychic'],['dark'],284\/284,216\/216,241\/241
Beartic,Sandslash,Absol,['ice'],['ground'],['dark'],317\/317,284\/284,241\/241
Simisear,Absol,Beartic,['fire'],['dark'],['ice'],131\/275,241\/241,317\/317
Alakazam,Beartic,Simisear,['psychic'],['ice'],['fire'],18\/216,317\/317,131\/275
Leafeon,Simisear,Alakazam,['grass'],['fire'],['psychic'],226\/258,131\/275,18\/216
Decidueye,Alakazam,Leafeon,"['grass', 'ghost']",['psychic'],['grass'],238\/238,18\/216,226\/258
Zangoose,Leafeon,Decidueye,['normal'],['grass'],"['grass', 'ghost']",269\/269,226\/258,238\/238
Chatot,Mudsdale,Mimikyu,"['normal', 'flying']",['ground'],"['ghost', 'fairy']",279\/279,305\/305,203\/203
Latias,Mimikyu,Chatot,"['dragon', 'psychic']","['ghost', 'fairy']","['normal', 'flying']",262\/262,203\/203,279\/279
Jynx,Chatot,Latias,"['ice', 'psychic']","['normal', 'flying']","['dragon', 'psychic']",258\/258,279\/279,262\/262
Shuckle,Latias,Jynx,"['bug', 'rock']","['dragon', 'psychic']","['ice', 'psychic']",175\/175,262\/262,258\/258
Houndoom,Shuckle,Jynx,"['dark', 'fire']","['bug', 'rock']","['ice', 'psychic']",253\/253,175\/175,258\/258
Exploud,Jynx,Houndoom,['normal'],"['ice', 'psychic']","['dark', 'fire']",319\/319,258\/258,253\/253
Solgaleo,Exploud,Houndoom,"['psychic', 'steel']",['normal'],"['dark', 'fire']",325\/325,319\/319,253\/253
Magearna,Solgaleo,Houndoom,"['steel', 'fairy']","['psychic', 'steel']","['dark', 'fire']",250\/250,325\/325,253\/253
Machamp,Stakataka,Ampharos,['fighting'],"['rock', 'steel']",['electric'],288\/288,237\/237,288\/288
Maractus,Ampharos,Machamp,['grass'],['electric'],['fighting'],302\/302,288\/288,288\/288
Articuno,Maractus,Machamp,"['ice', 'flying']",['grass'],['fighting'],298\/298,302\/302,288\/288
Stakataka,Machamp,Articuno,"['rock', 'steel']",['fighting'],"['ice', 'flying']",237\/237,288\/288,298\/298
Bouffalant,Articuno,Stakataka,['normal'],"['ice', 'flying']","['rock', 'steel']",310\/310,298\/298,237\/237
Huntail,Stakataka,Bouffalant,['water'],"['rock', 'steel']",['normal'],230\/230,237\/237,310\/310
Liepard,Bouffalant,Huntail,['dark'],['normal'],['water'],264\/264,310\/310,230\/230
Machamp,Huntail,Liepard,['fighting'],['water'],['dark'],139\/288,230\/230,264\/264
Ampharos,Liepard,Machamp,['electric'],['dark'],['fighting'],288\/288,264\/264,139\/288
Articuno,Ampharos,Machamp,"['ice', 'flying']",['electric'],['fighting'],298\/298,288\/288,139\/288
Audino,Machamp,Articuno,['normal'],['fighting'],"['ice', 'flying']",339\/339,139\/288,298\/298
Bouffalant,Articuno,Audino,['normal'],"['ice', 'flying']",['normal'],310\/310,298\/298,339\/339
Castform,Bouffalant,Audino,['normal'],['normal'],['normal'],299\/299,310\/310,339\/339
Liepard,Castform,Audino,['dark'],['normal'],['normal'],264\/264,299\/299,339\/339
Bouffalant,Liepard,Audino,['normal'],['dark'],['normal'],188\/310,264\/264,339\/339
Machamp,Audino,Bouffalant,['fighting'],['normal'],['normal'],91\/288,339\/339,188\/310
Exploud,Machamp,Bouffalant,['normal'],['fighting'],['normal'],319\/319,91\/288,188\/310
Castform,Bouffalant,Exploud,['normal'],['normal'],['normal'],133\/299,188\/310,319\/319
Articuno,Castform,Exploud,"['ice', 'flying']",['normal'],['normal'],298\/298,133\/299,319\/319
Bouffalant,Articuno,Exploud,['normal'],"['ice', 'flying']",['normal'],177\/310,298\/298,319\/319
Entei,Quagsire,Forretress,['fire'],"['water', 'ground']","['bug', 'steel']",307\/307,297\/297,263\/263
Gyarados,Forretress,Entei,"['water', 'flying']","['bug', 'steel']",['fire'],280\/280,263\/263,307\/307
Rotom,Entei,Gyarados,"['electric', 'ghost']",['fire'],"['water', 'flying']",226\/226,307\/307,280\/280
Skuntank,Gyarados,Rotom,"['poison', 'dark']","['water', 'flying']","['electric', 'ghost']",310\/310,280\/280,226\/226
Quagsire,Rotom,Skuntank,"['water', 'ground']","['electric', 'ghost']","['poison', 'dark']",297\/297,226\/226,310\/310
Gyarados,Skuntank,Quagsire,"['water', 'flying']","['poison', 'dark']","['water', 'ground']",280\/280,310\/310,297\/297
Rotom,Quagsire,Gyarados,"['electric', 'ghost']","['water', 'ground']","['water', 'flying']",184\/226,297\/297,280\/280
Forretress,Gyarados,Rotom,"['bug', 'steel']","['water', 'flying']","['electric', 'ghost']",1\/263,280\/280,184\/226
Iron Crown,Rotom,Forretress,"['steel', 'psychic']","['electric', 'ghost']","['bug', 'steel']",272\/272,184\/226,1\/263
Skuntank,Forretress,Iron Crown,"['poison', 'dark']","['bug', 'steel']","['steel', 'psychic']",247\/310,1\/263,272\/272
Azumarill,Skuntank,Iron Crown,"['water', 'fairy']","['poison', 'dark']","['steel', 'psychic']",298\/298,247\/310,272\/272
Rotom,Iron Crown,Azumarill,"['electric', 'ghost']","['steel', 'psychic']","['water', 'fairy']",184\/226,272\/272,298\/298
Fezandipiti,Azumarill,Rotom,"['poison', 'fairy']","['water', 'fairy']","['electric', 'ghost']",275\/275,298\/298,184\/226
Bronzong,Rotom,Fezandipiti,"['steel', 'psychic']","['electric', 'ghost']","['poison', 'fairy']",261\/261,184\/226,275\/275
Azumarill,Fezandipiti,Bronzong,"['water', 'fairy']","['poison', 'fairy']","['steel', 'psychic']",194\/298,275\/275,261\/261
Fezandipiti,Azumarill,Bronzong,"['poison', 'fairy']","['water', 'fairy']","['steel', 'psychic']",226\/275,194\/298,261\/261
Entei,Bronzong,Fezandipiti,['fire'],"['steel', 'psychic']","['poison', 'fairy']",261\/307,261\/261,226\/275
Gyarados,Fezandipiti,Entei,"['water', 'flying']","['poison', 'fairy']",['fire'],280\/280,226\/275,261\/307
Rotom,Entei,Gyarados,"['electric', 'ghost']",['fire'],"['water', 'flying']",184\/226,261\/307,280\/280
Chansey,Rotom,Gyarados,['normal'],"['electric', 'ghost']","['water', 'flying']",564\/564,184\/226,280\/280
Fezandipiti,Gyarados,Chansey,"['poison', 'fairy']","['water', 'flying']",['normal'],106\/275,280\/280,564\/564
Entei,Chansey,Fezandipiti,['fire'],['normal'],"['poison', 'fairy']",223\/307,564\/564,106\/275
Persian,Fezandipiti,Entei,['normal'],"['poison', 'fairy']",['fire'],252\/252,106\/275,223\/307
Rotom,Entei,Persian,"['electric', 'ghost']",['fire'],['normal'],142\/226,223\/307,252\/252
